{"cameraMode":{"drawMode":0,"name":"Shaded","section":"Shading Mode"},"sceneLighting":false,"audioPlay":false,"sceneViewState":{"m_AlwaysRefresh":false,"showFog":true,"showSkybox":false,"showFlares":true,"showImageEffects":true,"showParticleSystems":true,"showVisualEffectGraphs":true,"m_FxEnabled":true},"in2DMode":false,"pivot":{"x":3.3672025203704836,"y":1.4696638584136963,"z":4.246471405029297},"rotation":{"x":0.017606042325496675,"y":0.9634562134742737,"z":-0.2592005133628845,"w":0.06542184948921204},"size":0.0866025984287262,"orthographic":false}